,precision,recall,f1_score
precision,1.0,-0.11661605978585422,0.41986553939423876
recall,-0.11661605978585422,1.0,0.8016799834857444
f1_score,0.41986553939423876,0.8016799834857444,1.0
