scenario_label,precision_mean,precision_std,precision_count,recall_mean,recall_std,recall_count,f1_score_mean,f1_score_std,f1_score_count
answer unknown,0.9356845489354727,0.06023594291895511,100,0.7843698218116977,0.1805547872356704,100,0.8440712410772511,0.12461746250571853,100
underspecified intent,0.7693003772380499,0.19465123199876344,60,0.6898229577780082,0.17170705186845295,60,0.7083729013440231,0.15468463521651515,60
subjective,0.9609934555559978,0.07754943846027526,80,0.5975866561794436,0.24947310681935092,80,0.7051612120396078,0.2108870954324687,80
false premise,0.8733569346817587,0.07026452027069593,80,0.5514751628901263,0.14346688017351644,80,0.6678066548313675,0.12471056968012788,80
stale,0.693907159627922,0.31782463196004224,40,0.6549309948246118,0.18280845497129375,40,0.627689613613604,0.20805717766394857,40
underspecified context,0.8321642368294297,0.23286534115924137,264,0.5640306673886213,0.28038015894083557,264,0.5914575509439179,0.2396923688875023,264
